author,year,keyword
krishna kumar,2023,curriculum
jules elkins,2023,education
jules elkins,2023,student
jules elkins,2023,classroom
jules elkins,2023,curriculum
samy ayoub,2023,education
samy ayoub,2023,student
samy ayoub,2023,classroom
samy ayoub,2023,curriculum
krishna kumar,2023,education
krishna kumar,2023,student
krishna kumar,2023,classroom
layla guyot,2023,education
layla guyot,2023,student
layla guyot,2023,classroom
layla guyot,2023,curriculum
matt bowers,2022,education
matt bowers,2022,student
matt bowers,2022,classroom
matt bowers,2022,curriculum